缺陷编号,标题,步骤描述,预期结果,实际结果,状态,严重程度,缺陷截图,缺陷截图2,修复情况
1,登录状态无法缓存,"1，刷新页面
2，自动退出登录状态",登录状态缓存720小时,浏览器cookie无法缓存登录状态,已修复,致命,image.png,,PR #14/#17/#18（auth 收养链）；2026-10-02 生产闭环，2026-10-05 owner 复验通过
2,热加载缓存,"1，切换不同模块页面“首页”“任务”
2，页面信息重新刷新加载","冷启动才需要重新刷新加载。
用户已经加载缓存的页面，在短时间内建立缓存，实现热启动。除非新的数据加载。
实现异步加载。",用户每次互动都会发起新的相同请求，增加服务器负载和用户感知时间。,已修复,严重,,,PR #16（dataCache stale-while-revalidate 层）；2026-10-05 owner 复验通过
3,侧边栏收放,无,"1，存在“收放”icon，点击切换收缩或者展开状态
2，侧边栏右侧边缘可以互动拖动，拉宽或收窄一定像素区间",用户无法互动侧边栏,已修复,一般,,,PR #19（收放 toggle+拖拽+键盘 splitter+持久化，五轮 review）；2026-10-05 owner 复验通过
4,用户avatar和nickname缺失,无,"1，“我”页面--存在子页面“个人信息”：可以修改个人昵称和头像（限制大小）
2，“个人信息”页：手机号，邮箱，密码都在该子页面存在修改入口",“我的档案”和“个人信息”页面功能杂糅,已修复,建议,,,PR #21 后端（avatar D1-D6）+ PR #20 前端（个人信息子页）；2026-10-05 owner 复验通过
5,“任务广场”任务卡片异常,无,"1，“任务卡片”选中有明显的选中状态切换效果
2，“普通”“史诗”等难度标识需要专门的不同颜色的ICON区分。卡片背景色和轮廓需要使用对应的颜色。
3，需要区分Title和Introduction","1，“任务卡片”未选中有动效，选中无动效
2，难度标识无区分，背景色和轮廓无区分
3，TITLE的超链接与下方的介绍文字无法区分。用户无法感知点击TITLE可以跳转。",已修复,建议,,,PR #19（选中态/四档颜色形状/标题下划线；rarity 全卡处理经 owner 裁决+§9 例外行）；2026-10-05 owner 复验通过
6,,,,,,,,,
7,,,,,,,,,
8,,,,,,,,,
9,,,,,,,,,
