缺陷编号,标题,步骤描述,预期结果,实际结果,状态,严重程度,缺陷截图,缺陷截图2,修复情况,提出时间
1,登录状态无法缓存,"1，刷新页面
2，自动退出登录状态",登录状态缓存720小时,浏览器cookie无法缓存登录状态,已修复,致命,image.png,,已修复,2026/09/24 20:14
2,热加载缓存,"1，切换不同模块页面“首页”“任务”
2，页面信息重新刷新加载","冷启动才需要重新刷新加载。
用户已经加载缓存的页面，在短时间内建立缓存，实现热启动。除非新的数据加载。
实现异步加载。",用户每次互动都会发起新的相同请求，增加服务器负载和用户感知时间。,新提交,严重,,,已修复,2026/09/24 20:14
3,侧边栏收放,无,"1，存在“收放”icon，点击切换收缩或者展开状态
2，侧边栏右侧边缘可以互动拖动，拉宽或收窄一定像素区间",用户无法互动侧边栏,新提交,一般,,,已修复,2026/09/24 20:14
4,用户avatar和nickname缺失,无,"1，“我”页面--存在子页面“个人信息”：可以修改个人昵称和头像（限制大小）
2，“个人信息”页：手机号，邮箱，密码都在该子页面存在修改入口",“我的档案”和“个人信息”页面功能杂糅,新提交,建议,,,已修复,2026/09/24 20:14
5,“任务广场”任务卡片异常,无,"1，“任务卡片”选中有明显的选中状态切换效果
2，“普通”“史诗”等难度标识需要专门的不同颜色的ICON区分。卡片背景色和轮廓需要使用对应的颜色。
3，需要区分Title和Introduction","1，“任务卡片”未选中有动效，选中无动效
2，难度标识无区分，背景色和轮廓无区分
3，TITLE的超链接与下方的介绍文字无法区分。用户无法感知点击TITLE可以跳转。",新提交,建议,,,已修复,2026/09/24 20:14
10,“积分余额”有重复的2个“可用积分”和“可花费,,”可用积分“和”可花费“保留一个即可,,已修复,一般,image.png,,"PR #44（积分区单一""可花费""标签，纯展示）",2026/10/03 19:47
11,没有退出账号选项？！,点击头像进入my profile 后没有退出账号选项,,,已修复,致命,,,PR #44（学生 profile 登出，完整 session 栅栏契约 + logout.spec e2e）,2026/10/03 19:59
12,上传文件的格式符合要求却依旧显示不符合,,"1、能上传的格式应增加.docx、.pdf
2、正常上传的.xlsx格式文件符合规定",,已修复,一般,image.png,,bug 半=PR #49（picker 按任务收窄+预检）+ #51/#57/#59（xlsx 门/DB/claim 链）+ #12-B 生产数据已放宽；docx/pdf=文档型任务全链（#50 spec/#54/#56/#58）,2026/10/03 20:15
15,20250005 预置的机器校验失败提交无处查看,,按测试文档，该账号应有一条机器校验失败提交（url 重复×2，待重新提交），可查看失败详情页,所有页面均无该提交及失败报告入口,已修复,严重,,,PR #48 latest_submission_id + #49 冷加载报告渲染+banner 分支,2026/10/03 21:21
17,教师页面登录后没有个人信息页面,无,应当有教师信息页面，比如教师姓名，主要方向，注册日期等等,没有账号状态，个人信息页面,已修复,一般,IMG_20261003_212922.jpg,,PR #44 页壳 + #46 created_at DTO + #47 注册日期行,2026/10/03 21:29
18,教师账号未设置登出选项,无,应当设置登出选项,无法退出此账号，登录此账号的设备无法再切换其他账号登录(学生或者其他教师账号都不行）,已修复,严重,IMG_20261003_213057.jpg,,PR #44（staff shell 登出）,2026/10/03 21:31
19,任务单元文件格式,无,能够顺利把任务单元转入，支持日常用的.xlsx等格式,csv这个文件格式比较难弄，而且旁边没有帮助，或者说告诉应该怎样正确写这个格式,已修复,建议,,,PR #53（xlsx 导入+模板+帮助+accept 收窄）,2026/10/03 22:07
20,被领完的任务依旧出现在任务广场,,被领取完的任务要有特殊标记,,已修复,严重,image.png,,"PR #44（""已领完""标记，不消失）+ #60 韧性修",2026/10/03 22:10
22,教师发布任务但是忘记设置完成人数,,教师端发布任务时的指引要明晰，去掉提交校验脚本schema,,已修复,一般,,,PR #52（schema 入高级折叠+类型默认，可选可改）,2026/10/03 22:12
